{
  "name": "jquery",
  "version": "1.11.2",
  "main": "dist/jquery.js",
  "license": "MIT",
  "ignore": [
    "**/.*",
    "build",
    "speed",
    "test",
    "*.md",
    "AUTHORS.txt",
    "Gruntfile.js",
    "package.json"
  ],
  "devDependencies": {
    "sizzle": "2.1.1-jquery.2.1.2",
    "requirejs": "2.1.10",
    "qunit": "1.14.0",
    "sinon": "1.8.1"
  },
  "keywords": [
    "jquery",
    "javascript",
    "library"
  ],
  "homepage": "https://github.com/jquery/jquery",
  "_release": "1.11.2",
  "_resolution": {
    "type": "version",
    "tag": "1.11.2",
    "commit": "9690801db01709bfbff5f977d07fb7cc14472908"
  },
  "_source": "git://github.com/jquery/jquery.git",
  "_target": "1.11",
  "_originalSource": "jquery",
  "_direct": true
}